arm,trial,milestone,sessions,nudges,rate_limit_interruptions,input_tokens,cache_creation_input_tokens,cache_read_input_tokens,output_tokens,cost_usd,num_turns,wall_seconds,api_calls,build_attempts,build_failures,test_runs,compactions,total_input_tokens,green_input_tokens,green_api_calls,reached_green,max_context_tokens,visible_passed,visible_total,visible_rate,visible_this_rate,hidden_passed,hidden_total,hidden_rate,hidden_this_rate,src_tokens,src_code_lines,src_bytes,src_files,test_code_lines,lines_added,lines_deleted,compliance_ok
moonbit,1,1,1,0,0,64,138424,3212762,71750,3.1852004,33,652.3,32,15,2,4,0,3351250,1221686,16,True,141414,27,27,1.0,1.0,26,26,1.0,1.0,33081,2753,72191,7,0,3140,2,True
moonbit,1,2,1,0,0,82,198674,5866888,104951,4.8621176,43,970.0,41,11,2,4,0,6065644,3128040,26,True,202592,61,61,1.0,1.0,59,60,0.9833,0.9706,56637,4797,122143,10,0,2328,128,True
moonbit,1,3,1,0,0,88,175632,5594703,78402,4.0923886000000005,48,728.0,44,12,2,4,0,5770423,2527626,25,True,179550,89,89,1.0,1.0,85,88,0.9659,0.9286,72166,5979,155027,13,0,1685,343,True
moonbit,1,4,1,0,0,64,140263,3035199,64072,3.0861024,34,778.1,32,9,1,4,0,3175526,2259342,25,True,150683,116,116,1.0,1.0,111,114,0.9737,1.0,89662,7408,190527,15,0,1614,34,True
moonbit,1,5,1,0,0,104,199807,7429795,98600,5.056831000000001,55,980.2,52,21,3,6,0,7629706,2451606,24,True,203725,144,144,1.0,1.0,137,142,0.9648,0.9286,104363,8620,223434,16,0,1848,476,True
moonbit,1,6,1,0,0,144,249539,12151457,125268,6.9833490000000005,74,1614.7,72,20,5,8,0,12401140,4487469,37,True,256244,172,172,1.0,1.0,161,169,0.9527,0.8889,129593,10591,280923,18,0,2250,89,True
moonbit,1,7,1,0,0,100,254190,8306389,110676,5.9087178,55,1047.1,50,11,2,4,0,8560679,3992352,31,True,258108,203,203,1.0,1.0,191,199,0.9598,1.0,148430,12147,323006,20,0,1712,23,True
moonbit,1,8,1,0,0,50,68484,1272280,16321,1.128948,26,206.4,25,8,0,3,0,1340814,654654,15,True,72402,224,224,1.0,1.0,211,220,0.9591,1.0,152885,12475,332729,21,0,372,6,True
moonbit,1,9,1,0,0,74,123904,3218856,50194,2.6391792,38,534.9,37,10,2,6,0,3342834,2586912,31,True,127822,247,247,1.0,1.0,232,242,0.9587,0.9545,165827,13441,360420,23,0,1213,96,True
moonbit,2,1,1,0,0,62,130695,3041469,66116,2.9764217999999993,32,619.3,31,10,1,5,0,3172226,1230327,16,True,134613,27,27,1.0,1.0,26,26,1.0,1.0,33642,2857,72970,9,0,3222,2,True
moonbit,2,2,1,0,0,74,166078,4024397,84342,3.8206393999999992,41,813.7,37,11,1,7,0,4190549,2568049,27,True,169996,61,61,1.0,1.0,60,60,1.0,1.0,52272,4465,113218,12,0,1812,68,True
moonbit,2,3,1,0,0,94,163124,5530483,60529,3.6220445999999993,52,600.6,47,14,3,4,0,5693701,3139109,31,True,167042,89,89,1.0,1.0,84,88,0.9545,0.8571,69498,5762,150857,14,0,1774,265,True
moonbit,2,4,1,0,0,64,151423,3035365,74277,3.304253,36,720.1,32,10,1,6,0,3186852,2420136,27,True,155341,116,116,1.0,1.0,110,114,0.9649,1.0,88961,7358,192114,16,0,1836,76,True
moonbit,2,5,1,0,0,70,180544,4081739,83593,3.932839800000001,38,802.5,35,8,2,5,0,4262353,2999990,28,True,184462,144,144,1.0,1.0,135,142,0.9507,0.8929,102652,8397,223215,17,0,1619,409,True
moonbit,2,6,1,0,0,284,392196,39216018,224661,15.4751276,145,2454.6,142,37,3,15,0,39608498,5461474,36,True,396114,172,172,1.0,1.0,161,169,0.9527,0.963,135759,11077,297390,21,0,3406,387,True
moonbit,2,7,1,0,0,96,216216,6790184,102652,5.141188799999999,50,1252.3,48,12,3,6,0,7006496,4883746,38,True,220679,203,203,1.0,1.0,189,199,0.9497,0.9333,155896,12712,343065,23,0,1877,55,True
moonbit,2,8,1,0,0,38,59363,824472,13216,0.9042703999999999,21,152.4,19,4,0,2,0,883873,518269,13,True,63281,224,224,1.0,1.0,210,220,0.9545,1.0,160073,13004,352159,24,0,335,3,True
moonbit,2,9,1,0,0,58,112515,2233184,47225,2.2914887999999998,31,495.6,29,7,0,4,0,2345757,1772987,24,True,116433,247,247,1.0,1.0,231,242,0.9545,0.9545,172786,13880,378284,26,0,1008,13,True
moonbit,3,1,1,0,0,56,136493,2690370,75545,3.1411420000000003,29,682.7,28,15,2,4,0,2826919,1337698,17,True,140411,27,27,1.0,1.0,26,26,1.0,1.0,39440,3201,86185,10,0,3635,2,True
moonbit,3,2,1,0,0,84,157911,4396155,78819,3.7192349999999994,43,752.1,42,15,3,5,0,4554150,2868428,31,True,161829,61,61,1.0,1.0,58,60,0.9667,0.9412,59188,4934,129438,13,0,1955,76,True
moonbit,3,3,1,0,0,80,136123,3809202,60619,3.0635243999999995,42,570.4,40,8,0,5,0,3945405,2062088,26,True,140041,89,89,1.0,1.0,84,88,0.9545,0.9286,72009,5991,158381,14,0,1291,130,True
moonbit,3,4,1,0,0,54,145962,2486887,65455,2.9743893999999997,30,582.6,27,9,2,5,0,2632903,1761815,21,True,149880,116,116,1.0,1.0,110,114,0.9649,1.0,90690,7513,197078,16,0,1713,37,True
moonbit,3,5,1,0,0,92,172591,5584039,89920,4.296303800000001,49,906.8,46,15,1,6,0,5756722,2469778,26,True,176509,144,144,1.0,1.0,135,142,0.9507,0.8929,102741,8553,226529,16,0,1380,225,True
moonbit,3,6,1,0,0,358,477966,52063240,297912,20.19604800000002,181,3414.3,179,58,7,21,0,52541564,4814423,39,True,481884,172,172,1.0,1.0,161,169,0.9527,0.963,144282,11815,319005,22,0,3868,202,True
moonbit,3,7,1,0,0,96,182196,5676076,75545,4.1040672,51,769.1,48,15,0,10,0,5858368,4771456,42,True,186114,203,203,1.0,1.0,189,199,0.9497,0.9333,158937,13043,352872,24,0,1372,25,True
moonbit,3,8,1,0,0,34,58162,748072,13044,0.8759264000000002,19,149.2,17,4,0,2,0,806268,501043,12,True,62080,224,224,1.0,1.0,210,220,0.9545,1.0,162810,13342,361501,25,0,333,0,True
moonbit,3,9,1,0,0,60,119349,2345468,53078,2.4856855999999996,32,580.6,29,7,0,2,0,2464877,1879457,25,True,123267,247,247,1.0,1.0,231,242,0.9545,0.9545,175977,14205,388432,27,0,1011,9,True
rust,1,1,1,0,0,96,144384,4969428,86595,3.8812416000000014,50,773.2,48,15,1,3,0,5113908,1990260,25,True,147374,27,27,1.0,1.0,26,26,1.0,1.0,37156,2665,94569,9,0,2926,2,True
rust,1,2,1,0,0,60,178906,3559315,93392,4.011191,33,880.0,30,7,0,3,0,3738281,2146145,21,True,182824,61,61,1.0,1.0,59,60,0.9833,0.9706,58627,4222,148633,11,0,1744,93,True
rust,1,3,1,0,0,88,139096,4197378,62887,3.2103355999999996,48,580.9,44,9,0,5,0,4336562,1996885,26,True,143014,89,89,1.0,1.0,85,88,0.9659,0.9286,71444,4972,180800,11,0,1048,172,True
rust,1,4,1,0,0,86,174106,4910642,79207,4.000796799999999,46,912.9,43,10,1,6,0,5084834,2661264,28,True,179068,116,116,1.0,1.0,111,114,0.9737,1.0,90594,6331,229136,13,0,1580,105,True
rust,1,5,1,0,0,90,193951,5847404,106414,4.849728800000002,48,971.6,45,10,0,3,0,6041445,2073763,23,True,197869,144,144,1.0,1.0,137,142,0.9648,0.9286,107615,7350,269828,14,0,1646,493,True
rust,1,6,1,0,0,138,272059,12727454,143748,7.597474799999997,71,1980.9,68,16,0,7,0,12999651,7667147,48,True,275977,172,172,1.0,1.0,163,169,0.9645,0.963,138207,9256,347174,17,0,2482,364,True
rust,1,7,1,0,0,76,202500,4771603,96368,4.5019846,42,880.1,38,7,1,4,0,4974179,3172510,29,True,206418,203,203,1.0,1.0,192,199,0.9648,0.9667,160768,10769,402917,18,0,1672,32,True
rust,1,8,1,0,0,36,55608,720224,14102,0.8710928,19,146.3,18,3,0,3,0,775868,657758,16,True,59526,224,224,1.0,1.0,213,220,0.9682,1.0,165595,11094,415837,19,0,354,1,True
rust,1,9,1,0,0,56,111542,1883574,54705,2.3633748000000003,32,536.0,28,5,1,3,0,1995172,1326647,22,True,115460,247,247,1.0,1.0,234,242,0.9669,0.9545,179323,11900,448130,21,0,917,12,True
rust,2,1,1,0,0,40,118105,1532058,67621,2.6038315999999995,23,565.3,20,5,0,3,0,1650203,1050912,15,True,122023,27,27,1.0,1.0,26,26,1.0,1.0,35093,2573,88493,6,0,2783,2,True
rust,2,2,1,0,0,66,154095,3354429,88947,3.6828497999999996,36,830.1,33,11,1,8,0,3508590,1442359,19,True,158013,61,61,1.0,1.0,59,60,0.9833,0.9706,55473,4061,137915,7,0,1657,70,True
rust,2,3,1,0,0,76,159161,4211969,75790,3.6317858,41,730.8,38,10,1,6,0,4371206,2169040,24,True,163079,89,89,1.0,1.0,86,88,0.9773,0.9643,71929,5115,180734,7,0,1299,141,True
rust,2,4,1,0,0,58,140699,2944136,73745,3.189551200000001,32,663.0,29,5,1,3,0,3084893,1553555,18,True,144617,116,116,1.0,1.0,111,114,0.9737,0.9615,91070,6508,224985,9,0,1563,59,True
rust,2,5,1,0,0,114,251455,9438874,143787,6.7756108,58,1347.1,57,12,0,5,0,9690443,2667708,26,True,255373,144,144,1.0,1.0,138,142,0.9718,0.9643,110606,7687,272307,10,0,1656,323,True
rust,2,6,1,0,0,140,268040,13131396,141149,7.594139200000001,73,1569.7,70,19,1,8,0,13399576,4023127,31,True,271958,172,172,1.0,1.0,162,169,0.9586,0.8889,140124,9524,346216,12,0,2175,156,True
rust,2,7,1,0,0,96,255768,7639468,110374,5.7819016,49,1335.4,47,9,1,4,0,7895332,4881710,36,True,259686,203,203,1.0,1.0,192,199,0.9648,1.0,162294,10975,401004,13,0,1667,80,True
rust,2,8,1,0,0,34,54221,634714,14948,0.8598067999999999,18,164.8,17,3,0,2,0,688969,356205,11,True,58139,224,224,1.0,1.0,212,220,0.9636,0.9524,170831,12932,434967,14,0,2401,418,True
rust,2,9,1,0,0,100,119587,4097586,63497,3.0465531999999986,52,682.9,50,11,0,6,0,4217273,2796558,38,True,123505,247,247,1.0,1.0,235,242,0.9711,0.9545,186200,13881,472590,16,0,1078,22,True
rust,3,1,1,0,0,56,130923,2577648,77874,3.1206175999999997,31,687.5,28,5,0,5,0,2708627,1166293,16,True,134841,27,27,1.0,1.0,26,26,1.0,1.0,31811,2298,77806,10,0,2515,2,True
rust,3,2,1,0,0,88,189347,6025734,106661,4.853494800000002,49,961.2,44,9,1,4,0,6215169,2264704,22,True,193265,61,61,1.0,1.0,59,60,0.9833,0.9706,56738,4028,136863,11,0,1957,95,True
rust,3,3,1,0,0,64,153445,3458111,69588,3.3111981999999998,34,621.7,32,6,1,3,0,3611620,1242084,16,True,157363,89,89,1.0,1.0,83,88,0.9432,0.8571,73180,5046,175463,11,0,1320,179,True
rust,3,4,1,0,0,64,157369,3131053,78510,3.4556185999999998,34,697.1,32,7,0,6,0,3288486,2339200,26,True,161287,116,116,1.0,1.0,109,114,0.9561,1.0,94643,6579,226812,13,0,1737,75,True
rust,3,5,1,0,0,112,217415,8360648,107696,5.565817600000001,62,998.4,56,15,2,4,0,8578175,3346883,30,True,221333,144,144,1.0,1.0,137,142,0.9648,0.9643,113414,7701,272440,14,0,1786,523,True
rust,3,6,1,0,0,356,662023,76751303,476466,30.177188599999994,183,4745.1,178,48,1,31,0,77413682,4628467,33,True,665941,172,172,1.0,1.0,161,169,0.9527,0.8889,178657,11780,435021,17,0,4704,162,True
rust,3,7,1,0,0,104,246877,8640248,119263,6.088741600000001,55,1103.7,52,10,2,4,0,8887229,4096316,32,True,250795,203,203,1.0,1.0,188,199,0.9447,0.9,202850,13289,496721,19,0,1703,38,True
rust,3,8,1,0,0,46,60767,952438,18283,1.0424676,24,188.0,23,2,0,1,0,1013251,822075,20,True,64685,224,224,1.0,1.0,209,220,0.95,1.0,208030,13621,509455,20,0,368,6,True
rust,3,9,1,0,0,52,76870,1263693,31723,1.5023665999999998,26,334.4,26,5,0,3,0,1340615,617106,16,True,80788,247,247,1.0,1.0,230,242,0.9504,0.9545,216270,14114,529464,21,0,550,5,True
