bench,rust-t1,rust-t2,rust-t3,moonbit-t1,moonbit-t2,moonbit-t3,moonbit/rust (mean of trial medians)
mb_create_index,0.7128,0.7332,0.5858,1.1043,1.1037,1.6949,1.92
mb_group_by,0.6706,0.7931,0.6104,1.0114,0.9116,0.7206,1.27
mb_insert_300k,0.4325,0.5071,0.4128,0.5391,0.5832,0.4786,1.18
mb_printf_30k,0.4607,0.5158,0.4282,0.5681,0.5802,0.4867,1.16
mb_real_output_60k,0.4959,0.5528,0.4700,0.6038,0.6058,0.5188,1.14
mb_scan_filter,0.5540,0.6641,0.5179,0.6871,0.7642,0.5892,1.18
mb_sort_text_100k,0.4678,0.5201,0.4393,0.6509,0.6401,0.5436,1.29
mb_string_funcs,0.9514,0.9642,0.8870,0.8281,0.9311,0.7775,0.91
mb_update_delete,0.6307,0.6488,0.6178,0.8792,0.8825,0.7775,1.34
mb_window,0.6357,0.7384,0.6466,0.9081,0.9400,0.8125,1.32
