test,rust-t1,rust-t2,rust-t3,moonbit-t1,moonbit-t2,moonbit-t3
m06/perf_correlated_lookup,0.3166,0.3244,0.2926,0.5122,0.4504,0.6389
m06/perf_delete_update_index,0.3926,0.4172,0.3729,0.7266,0.6496,0.8723
m06/perf_in_subquery,0.3304,0.4281,0.3337,0.6789,0.4843,0.7317
m06/perf_index_point_lookup,0.1993,0.2447,0.2247,0.3311,0.3035,0.3790
m06/perf_index_range,0.3109,0.3255,0.2983,0.4515,0.4090,0.4462
m06/perf_indexed_join,0.3120,0.3525,0.2989,0.4641,0.4469,0.7207
m06/perf_multi_column_index,4.0389,3.8512,3.2855,6.6927,0.6343,0.5026
m06/perf_order_by_limit,30.0000*,30.0000*,30.0000*,30.0000*,0.3103,0.3859
m06/perf_rowid_lookup,0.2419,0.2637,0.2101,0.3306,0.2988,0.2999
m06/perf_unique_insert,0.3784,0.4823,0.4604,0.7327,0.6876,1.0768
m07/perf_recursive_cte_100k,0.3525,0.3620,0.4013,0.5034,0.4813,0.3723
m07/perf_recursive_graph_walk,0.3641,0.3889,0.4025,0.5587,0.5332,0.4375
m07/perf_window_partitions_50k,0.1896,0.2097,0.2267,0.3376,0.3707,0.2815
m07/perf_window_running_50k,0.2036,0.2304,0.2229,0.3566,0.3672,0.2421
SUITE m01-m07 total (median of 3),14.104,14.332,13.354,17.330,7.754,8.326
SUITE non-perf cases (sum of medians),1.424,1.411,1.376,1.373,1.395,1.407
